                  epoch,         train/box_loss,         train/cls_loss,         train/dfl_loss,   metrics/precision(B),      metrics/recall(B),       metrics/mAP50(B),    metrics/mAP50-95(B),           val/box_loss,           val/cls_loss,           val/dfl_loss,                 lr/pg0,                 lr/pg1,                 lr/pg2
                      1,                 1.3529,                 1.6817,                 1.3225,                 0.1582,                0.23761,                0.11226,                0.05474,                 1.8281,                 5.1651,                 1.1216,             0.00032558,             0.00032558,             0.00032558
                      2,                 1.3583,                 1.5416,                 1.2765,                0.26088,                0.21007,                0.08294,                0.03927,                 1.9301,                 5.8813,                 1.1885,             0.00055019,             0.00055019,             0.00055019
                      3,                 1.4487,                 1.7307,                 1.3797,                0.14189,                0.20359,                0.09108,                0.04075,                   1.94,                 5.3441,                 1.1931,             0.00066481,             0.00066481,             0.00066481
                      4,                 1.5079,                 1.8484,                 1.4228,                0.29011,                0.22954,                0.11516,                0.05233,                 1.8432,                 5.4615,                 1.1446,               0.000505,               0.000505,               0.000505
                      5,                 1.5177,                 1.8586,                 1.4242,                0.13442,                0.26407,                0.10315,                0.04817,                 1.8729,                 4.8214,                 1.1369,               0.000505,               0.000505,               0.000505
                      6,                 1.5084,                 1.7362,                 1.4195,                0.16628,                0.25115,                0.12302,                0.05763,                 1.8324,                 4.8094,                 1.1328,                0.00034,                0.00034,                0.00034
